TransactionID,Amount,TransactionDate,CustomerID,MerchantID,Category,PreviousFraudReported,IsFraud
1,870,2021-01-01 00:00:00,1089,5030,travel,0,0
2,3782,2021-01-01 00:01:00,1074,5079,travel,0,0
3,3102,2021-01-01 00:02:00,1037,5013,groceries,1,0
4,476,2021-01-01 00:03:00,1001,5052,electronics,0,0
5,4436,2021-01-01 00:04:00,1006,5047,electronics,0,0
6,3454,2021-01-01 00:05:00,1081,5068,dining,0,0
7,3181,2021-01-01 00:06:00,1090,5089,dining,0,0
8,2929,2021-01-01 00:07:00,1033,5061,dining,0,0
9,140,2021-01-01 00:08:00,1090,5091,electronics,0,0
10,1695,2021-01-01 00:09:00,1016,5065,apparel,0,0
11,779,2021-01-01 00:10:00,1042,5063,travel,0,0
12,2401,2021-01-01 00:11:00,1058,5069,apparel,0,0
13,2443,2021-01-01 00:12:00,1050,5062,apparel,0,1
14,1194,2021-01-01 00:13:00,1053,5072,electronics,0,0
15,4565,2021-01-01 00:14:00,1023,5032,apparel,0,0
16,3395,2021-01-01 00:15:00,1024,5040,groceries,0,0
17,4127,2021-01-01 00:16:00,1070,5088,dining,0,0
18,4853,2021-01-01 00:17:00,1051,5047,groceries,0,0
19,2914,2021-01-01 00:18:00,1069,5012,travel,0,0
20,484,2021-01-01 00:19:00,1087,5072,dining,0,0
21,1092,2021-01-01 00:20:00,1032,5076,apparel,0,0
22,2568,2021-01-01 00:21:00,1048,5030,travel,0,0
23,2057,2021-01-01 00:22:00,1028,5074,dining,0,0
24,2757,2021-01-01 00:23:00,1062,5067,apparel,0,0
25,985,2021-01-01 00:24:00,1021,5097,groceries,0,0
26,1816,2021-01-01 00:25:00,1025,5003,dining,0,0
27,199,2021-01-01 00:26:00,1027,5018,apparel,0,0
28,2744,2021-01-01 00:27:00,1084,5069,groceries,0,0
29,3015,2021-01-01 00:28:00,1048,5097,travel,0,0
30,4668,2021-01-01 00:29:00,1070,5081,travel,0,0
31,1909,2021-01-01 00:30:00,1080,5012,travel,1,0
32,1277,2021-01-01 00:31:00,1083,5022,travel,0,0
33,1538,2021-01-01 00:32:00,1048,5082,electronics,0,0
34,3212,2021-01-01 00:33:00,1019,5074,dining,0,0
35,3566,2021-01-01 00:34:00,1085,5000,dining,0,0
36,3900,2021-01-01 00:35:00,1091,5087,electronics,0,0
37,656,2021-01-01 00:36:00,1062,5053,apparel,0,0
38,2898,2021-01-01 00:37:00,1060,5070,apparel,0,0
39,2445,2021-01-01 00:38:00,1048,5088,travel,0,0
40,610,2021-01-01 00:39:00,1070,5084,groceries,0,0
41,2373,2021-01-01 00:40:00,1000,5014,apparel,0,0
42,2071,2021-01-01 00:41:00,1095,5064,groceries,0,0
43,251,2021-01-01 00:42:00,1012,5075,dining,0,0
44,2051,2021-01-01 00:43:00,1093,5070,groceries,0,0
45,2834,2021-01-01 00:44:00,1086,5014,dining,0,0
46,2622,2021-01-01 00:45:00,1050,5020,electronics,0,0
47,1373,2021-01-01 00:46:00,1055,5018,electronics,0,0
48,1488,2021-01-01 00:47:00,1082,5059,travel,0,0
49,2566,2021-01-01 00:48:00,1061,5092,apparel,0,0
50,785,2021-01-01 00:49:00,1031,5088,travel,0,0
51,4024,2021-01-01 00:50:00,1029,5032,dining,0,0
52,44,2021-01-01 00:51:00,1028,5048,travel,0,0
53,3162,2021-01-01 00:52:00,1048,5095,groceries,0,0
54,1965,2021-01-01 00:53:00,1044,5034,dining,0,0
55,1595,2021-01-01 00:54:00,1092,5043,electronics,0,0
56,3953,2021-01-01 00:55:00,1029,5089,apparel,0,0
57,3083,2021-01-01 00:56:00,1015,5010,dining,0,0
58,1031,2021-01-01 00:57:00,1039,5098,dining,1,1
59,3471,2021-01-01 00:58:00,1018,5071,groceries,0,0
60,2623,2021-01-01 00:59:00,1017,5077,apparel,0,0
61,3853,2021-01-01 01:00:00,1000,5073,electronics,0,0
62,1510,2021-01-01 01:01:00,1077,5065,dining,0,0
63,4808,2021-01-01 01:02:00,1046,5045,dining,0,0
64,171,2021-01-01 01:03:00,1065,5008,groceries,0,0
65,4307,2021-01-01 01:04:00,1091,5002,travel,0,0
66,1991,2021-01-01 01:05:00,1093,5084,electronics,0,0
67,1005,2021-01-01 01:06:00,1037,5025,apparel,0,0
68,4921,2021-01-01 01:07:00,1050,5071,dining,0,0
69,3352,2021-01-01 01:08:00,1062,5047,dining,0,0
70,4561,2021-01-01 01:09:00,1003,5065,electronics,0,0
71,3808,2021-01-01 01:10:00,1000,5069,travel,0,0
72,1285,2021-01-01 01:11:00,1007,5027,dining,0,0
73,1026,2021-01-01 01:12:00,1028,5092,electronics,0,0
74,347,2021-01-01 01:13:00,1054,5025,groceries,1,0
75,888,2021-01-01 01:14:00,1002,5024,travel,0,0
76,1086,2021-01-01 01:15:00,1031,5011,apparel,0,0
77,4897,2021-01-01 01:16:00,1009,5004,dining,0,0
78,4003,2021-01-01 01:17:00,1073,5097,electronics,0,0
79,4869,2021-01-01 01:18:00,1082,5047,groceries,0,0
80,389,2021-01-01 01:19:00,1033,5036,apparel,0,0
81,502,2021-01-01 01:20:00,1096,5078,electronics,1,0
82,2072,2021-01-01 01:21:00,1086,5043,electronics,0,0
83,3894,2021-01-01 01:22:00,1054,5099,apparel,0,0
84,74,2021-01-01 01:23:00,1091,5014,groceries,0,0
85,2578,2021-01-01 01:24:00,1031,5042,groceries,0,0
86,2037,2021-01-01 01:25:00,1049,5047,travel,0,0
87,2705,2021-01-01 01:26:00,1006,5086,dining,0,0
88,1505,2021-01-01 01:27:00,1092,5069,apparel,0,0
89,401,2021-01-01 01:28:00,1007,5045,apparel,0,0
90,4524,2021-01-01 01:29:00,1064,5042,apparel,0,0
91,4484,2021-01-01 01:30:00,1056,5020,groceries,0,0
92,3571,2021-01-01 01:31:00,1066,5022,dining,0,0
93,2288,2021-01-01 01:32:00,1087,5079,travel,0,0
94,3109,2021-01-01 01:33:00,1086,5046,electronics,0,0
95,210,2021-01-01 01:34:00,1058,5014,electronics,0,0
96,4885,2021-01-01 01:35:00,1071,5024,apparel,0,0
97,3114,2021-01-01 01:36:00,1053,5035,dining,0,0
98,4608,2021-01-01 01:37:00,1066,5074,groceries,0,0
99,2464,2021-01-01 01:38:00,1050,5050,dining,0,0
100,3655,2021-01-01 01:39:00,1096,5014,dining,0,0
101,814,2021-01-01 01:40:00,1091,5067,groceries,0,0
102,2741,2021-01-01 01:41:00,1007,5020,apparel,0,0
103,2783,2021-01-01 01:42:00,1033,5012,dining,0,0
104,1580,2021-01-01 01:43:00,1034,5085,electronics,0,0
105,2700,2021-01-01 01:44:00,1095,5018,groceries,0,0
106,3850,2021-01-01 01:45:00,1087,5033,travel,1,0
107,1038,2021-01-01 01:46:00,1077,5077,apparel,0,0
108,512,2021-01-01 01:47:00,1031,5067,groceries,0,0
109,4503,2021-01-01 01:48:00,1045,5051,travel,0,0
110,880,2021-01-01 01:49:00,1015,5026,travel,0,0
111,4498,2021-01-01 01:50:00,1067,5028,dining,0,0
112,216,2021-01-01 01:51:00,1036,5027,dining,0,0
113,1494,2021-01-01 01:52:00,1053,5034,dining,0,0
114,873,2021-01-01 01:53:00,1084,5007,groceries,0,0
115,2800,2021-01-01 01:54:00,1013,5015,groceries,0,0
116,573,2021-01-01 01:55:00,1094,5035,apparel,0,0
117,4201,2021-01-01 01:56:00,1054,5029,dining,0,0
118,1767,2021-01-01 01:57:00,1047,5017,travel,0,0
119,1688,2021-01-01 01:58:00,1081,5001,electronics,0,0
120,3252,2021-01-01 01:59:00,1006,5048,apparel,0,0
121,4646,2021-01-01 02:00:00,1073,5076,groceries,0,0
122,1069,2021-01-01 02:01:00,1006,5003,apparel,0,0
123,1732,2021-01-01 02:02:00,1032,5089,apparel,1,0
124,3324,2021-01-01 02:03:00,1022,5088,apparel,0,0
125,3167,2021-01-01 02:04:00,1084,5093,apparel,1,0
126,2635,2021-01-01 02:05:00,1018,5074,electronics,0,0
127,2739,2021-01-01 02:06:00,1018,5006,dining,0,0
128,1607,2021-01-01 02:07:00,1035,5094,travel,0,0
129,3070,2021-01-01 02:08:00,1028,5073,apparel,0,0
130,2703,2021-01-01 02:09:00,1059,5038,apparel,0,0
131,4901,2021-01-01 02:10:00,1081,5012,apparel,0,0
132,3637,2021-01-01 02:11:00,1001,5030,dining,0,0
133,1373,2021-01-01 02:12:00,1000,5070,groceries,0,0
134,1991,2021-01-01 02:13:00,1046,5062,groceries,0,0
135,1673,2021-01-01 02:14:00,1068,5055,electronics,0,0
136,1539,2021-01-01 02:15:00,1019,5041,groceries,1,0
137,2048,2021-01-01 02:16:00,1010,5060,apparel,0,0
138,3312,2021-01-01 02:17:00,1001,5041,apparel,1,0
139,2247,2021-01-01 02:18:00,1066,5055,apparel,0,0
140,1316,2021-01-01 02:19:00,1086,5035,electronics,0,0
141,4039,2021-01-01 02:20:00,1011,5083,apparel,0,0
142,2685,2021-01-01 02:21:00,1019,5067,groceries,0,0
143,1292,2021-01-01 02:22:00,1004,5006,dining,0,0
144,719,2021-01-01 02:23:00,1036,5053,dining,0,0
145,4754,2021-01-01 02:24:00,1037,5000,travel,0,0
146,4423,2021-01-01 02:25:00,1093,5043,groceries,0,0
147,3758,2021-01-01 02:26:00,1008,5044,apparel,1,1
148,4789,2021-01-01 02:27:00,1097,5046,dining,0,0
149,673,2021-01-01 02:28:00,1052,5012,groceries,0,0
150,2008,2021-01-01 02:29:00,1043,5021,dining,0,0
151,3455,2021-01-01 02:30:00,1098,5020,apparel,0,0
152,3753,2021-01-01 02:31:00,1085,5085,dining,0,0
153,1505,2021-01-01 02:32:00,1023,5091,travel,0,0
154,3314,2021-01-01 02:33:00,1080,5008,travel,0,0
155,3773,2021-01-01 02:34:00,1073,5025,dining,0,0
156,1863,2021-01-01 02:35:00,1029,5008,groceries,0,0
157,4669,2021-01-01 02:36:00,1058,5014,groceries,0,0
158,1301,2021-01-01 02:37:00,1086,5009,groceries,0,0
159,3591,2021-01-01 02:38:00,1095,5087,dining,1,0
160,3467,2021-01-01 02:39:00,1080,5041,groceries,0,0
161,1646,2021-01-01 02:40:00,1080,5071,apparel,0,0
162,3706,2021-01-01 02:41:00,1013,5023,travel,0,0
163,3009,2021-01-01 02:42:00,1008,5079,apparel,0,0
164,3162,2021-01-01 02:43:00,1039,5048,groceries,0,1
165,708,2021-01-01 02:44:00,1065,5025,apparel,0,0
166,2170,2021-01-01 02:45:00,1024,5090,groceries,1,0
167,4107,2021-01-01 02:46:00,1072,5036,dining,0,0
168,4747,2021-01-01 02:47:00,1021,5067,apparel,1,0
169,864,2021-01-01 02:48:00,1003,5049,dining,1,0
170,3484,2021-01-01 02:49:00,1025,5023,dining,0,0
171,1717,2021-01-01 02:50:00,1057,5018,electronics,0,0
172,2787,2021-01-01 02:51:00,1028,5099,groceries,1,0
173,1743,2021-01-01 02:52:00,1097,5059,travel,0,0
174,4941,2021-01-01 02:53:00,1086,5038,groceries,0,1
175,3520,2021-01-01 02:54:00,1036,5073,travel,1,0
176,212,2021-01-01 02:55:00,1074,5088,groceries,0,0
177,3265,2021-01-01 02:56:00,1069,5017,dining,0,0
178,4228,2021-01-01 02:57:00,1017,5018,apparel,0,0
179,4506,2021-01-01 02:58:00,1084,5035,apparel,0,0
180,776,2021-01-01 02:59:00,1041,5073,electronics,0,0
181,4399,2021-01-01 03:00:00,1099,5096,travel,0,0
182,2337,2021-01-01 03:01:00,1040,5054,travel,0,0
183,2941,2021-01-01 03:02:00,1037,5068,travel,0,0
184,207,2021-01-01 03:03:00,1033,5046,dining,0,0
185,1940,2021-01-01 03:04:00,1016,5048,travel,0,0
186,3592,2021-01-01 03:05:00,1036,5098,apparel,0,0
187,618,2021-01-01 03:06:00,1024,5097,dining,0,0
188,3282,2021-01-01 03:07:00,1075,5032,groceries,0,0
189,1157,2021-01-01 03:08:00,1086,5020,travel,0,0
190,4292,2021-01-01 03:09:00,1085,5080,travel,0,0
191,3407,2021-01-01 03:10:00,1084,5021,groceries,1,0
192,2521,2021-01-01 03:11:00,1026,5047,travel,0,0
193,1804,2021-01-01 03:12:00,1056,5036,groceries,0,0
194,669,2021-01-01 03:13:00,1030,5014,dining,0,0
195,2821,2021-01-01 03:14:00,1005,5034,apparel,0,0
196,1379,2021-01-01 03:15:00,1090,5091,groceries,0,0
197,1996,2021-01-01 03:16:00,1039,5070,electronics,0,0
198,156,2021-01-01 03:17:00,1097,5031,groceries,0,0
199,3229,2021-01-01 03:18:00,1011,5010,travel,0,0
200,2921,2021-01-01 03:19:00,1052,5009,dining,0,0
201,1744,2021-01-01 03:20:00,1070,5072,dining,0,1
202,1853,2021-01-01 03:21:00,1009,5077,groceries,0,0
203,498,2021-01-01 03:22:00,1044,5076,apparel,0,0
204,2986,2021-01-01 03:23:00,1016,5056,electronics,0,0
205,1969,2021-01-01 03:24:00,1025,5024,dining,0,0
206,2395,2021-01-01 03:25:00,1084,5001,travel,0,0
207,2929,2021-01-01 03:26:00,1091,5063,travel,0,0
208,4746,2021-01-01 03:27:00,1061,5034,apparel,0,0
209,1812,2021-01-01 03:28:00,1045,5006,dining,0,0
210,4071,2021-01-01 03:29:00,1063,5084,groceries,0,0
211,3379,2021-01-01 03:30:00,1001,5017,travel,0,0
212,272,2021-01-01 03:31:00,1053,5066,apparel,0,0
213,633,2021-01-01 03:32:00,1064,5041,dining,1,0
214,1026,2021-01-01 03:33:00,1050,5038,dining,0,0
215,3653,2021-01-01 03:34:00,1052,5040,dining,0,0
216,4986,2021-01-01 03:35:00,1035,5074,dining,0,0
217,2059,2021-01-01 03:36:00,1025,5023,dining,0,0
218,3733,2021-01-01 03:37:00,1028,5059,travel,0,0
219,4558,2021-01-01 03:38:00,1020,5045,apparel,0,0
220,3118,2021-01-01 03:39:00,1010,5018,dining,0,0
221,4100,2021-01-01 03:40:00,1039,5067,electronics,1,0
222,2066,2021-01-01 03:41:00,1010,5089,electronics,0,0
223,3180,2021-01-01 03:42:00,1035,5041,apparel,1,1
224,1692,2021-01-01 03:43:00,1058,5031,groceries,0,0
225,2265,2021-01-01 03:44:00,1038,5038,groceries,0,0
226,1164,2021-01-01 03:45:00,1098,5035,groceries,0,0
227,4509,2021-01-01 03:46:00,1053,5096,electronics,0,0
228,3201,2021-01-01 03:47:00,1097,5035,groceries,0,0
229,1706,2021-01-01 03:48:00,1054,5002,travel,0,0
230,4001,2021-01-01 03:49:00,1023,5072,dining,0,0
231,4733,2021-01-01 03:50:00,1021,5007,electronics,0,0
232,4692,2021-01-01 03:51:00,1068,5096,apparel,0,0
233,1658,2021-01-01 03:52:00,1055,5069,apparel,0,0
234,1455,2021-01-01 03:53:00,1032,5040,dining,0,0
235,4209,2021-01-01 03:54:00,1035,5067,electronics,0,0
236,3933,2021-01-01 03:55:00,1019,5012,groceries,0,0
237,263,2021-01-01 03:56:00,1082,5048,groceries,0,0
238,3193,2021-01-01 03:57:00,1098,5059,travel,0,0
239,2567,2021-01-01 03:58:00,1080,5001,travel,0,0
240,108,2021-01-01 03:59:00,1061,5059,groceries,1,0
241,2210,2021-01-01 04:00:00,1097,5004,apparel,0,0
242,2971,2021-01-01 04:01:00,1072,5043,apparel,0,0
243,4983,2021-01-01 04:02:00,1025,5026,travel,0,0
244,4443,2021-01-01 04:03:00,1065,5031,dining,0,0
245,3787,2021-01-01 04:04:00,1072,5020,groceries,0,0
246,2879,2021-01-01 04:05:00,1072,5007,travel,0,0
247,3244,2021-01-01 04:06:00,1039,5071,travel,0,0
248,3801,2021-01-01 04:07:00,1016,5049,groceries,0,0
249,966,2021-01-01 04:08:00,1000,5066,groceries,1,0
250,4077,2021-01-01 04:09:00,1088,5043,apparel,0,0
251,170,2021-01-01 04:10:00,1060,5057,dining,0,0
252,4503,2021-01-01 04:11:00,1042,5002,dining,0,1
253,1310,2021-01-01 04:12:00,1041,5085,groceries,0,0
254,4921,2021-01-01 04:13:00,1024,5069,electronics,1,0
255,3997,2021-01-01 04:14:00,1038,5001,travel,0,1
256,1537,2021-01-01 04:15:00,1034,5086,travel,0,0
257,1228,2021-01-01 04:16:00,1002,5043,groceries,0,0
258,4506,2021-01-01 04:17:00,1043,5001,electronics,0,0
259,4745,2021-01-01 04:18:00,1050,5080,apparel,0,0
260,3114,2021-01-01 04:19:00,1093,5034,groceries,0,0
261,2745,2021-01-01 04:20:00,1097,5097,groceries,0,0
262,4565,2021-01-01 04:21:00,1011,5086,travel,0,0
263,964,2021-01-01 04:22:00,1018,5029,groceries,0,0
264,4575,2021-01-01 04:23:00,1043,5007,groceries,0,0
265,3456,2021-01-01 04:24:00,1058,5021,groceries,0,0
266,1055,2021-01-01 04:25:00,1048,5043,travel,0,0
267,1703,2021-01-01 04:26:00,1060,5057,apparel,0,0
268,3446,2021-01-01 04:27:00,1016,5035,apparel,0,0
269,572,2021-01-01 04:28:00,1073,5068,groceries,0,0
270,2495,2021-01-01 04:29:00,1056,5076,travel,1,0
271,3364,2021-01-01 04:30:00,1054,5092,apparel,0,0
272,235,2021-01-01 04:31:00,1046,5030,apparel,0,0
273,4903,2021-01-01 04:32:00,1011,5046,apparel,0,0
274,969,2021-01-01 04:33:00,1061,5054,travel,0,0
275,4558,2021-01-01 04:34:00,1079,5079,travel,0,0
276,3077,2021-01-01 04:35:00,1087,5061,groceries,0,0
277,825,2021-01-01 04:36:00,1082,5029,dining,0,0
278,4764,2021-01-01 04:37:00,1007,5054,apparel,1,0
279,4652,2021-01-01 04:38:00,1094,5015,dining,0,0
280,3130,2021-01-01 04:39:00,1020,5011,travel,0,0
281,26,2021-01-01 04:40:00,1080,5016,travel,0,0
282,1253,2021-01-01 04:41:00,1086,5015,travel,0,0
283,2215,2021-01-01 04:42:00,1079,5011,dining,0,0
284,2534,2021-01-01 04:43:00,1069,5007,travel,0,0
285,1079,2021-01-01 04:44:00,1071,5083,groceries,0,0
286,3454,2021-01-01 04:45:00,1024,5002,travel,0,0
287,2575,2021-01-01 04:46:00,1081,5015,electronics,0,0
288,1070,2021-01-01 04:47:00,1088,5029,dining,0,0
289,2337,2021-01-01 04:48:00,1011,5022,electronics,0,0
290,3430,2021-01-01 04:49:00,1014,5091,travel,0,0
291,311,2021-01-01 04:50:00,1058,5004,groceries,0,0
292,4286,2021-01-01 04:51:00,1025,5083,apparel,0,0
293,616,2021-01-01 04:52:00,1025,5064,travel,0,0
294,3180,2021-01-01 04:53:00,1046,5029,groceries,0,0
295,709,2021-01-01 04:54:00,1031,5020,dining,0,0
296,1149,2021-01-01 04:55:00,1009,5083,electronics,0,0
297,200,2021-01-01 04:56:00,1015,5069,electronics,0,1
298,2310,2021-01-01 04:57:00,1070,5021,electronics,0,0
299,990,2021-01-01 04:58:00,1016,5081,dining,0,0
300,2985,2021-01-01 04:59:00,1022,5071,groceries,0,0
301,1194,2021-01-01 05:00:00,1025,5031,dining,0,0
302,3337,2021-01-01 05:01:00,1084,5032,electronics,0,0
303,3404,2021-01-01 05:02:00,1085,5015,travel,0,0
304,137,2021-01-01 05:03:00,1006,5075,apparel,1,1
305,2075,2021-01-01 05:04:00,1013,5037,dining,0,0
306,1826,2021-01-01 05:05:00,1078,5097,dining,0,0
307,579,2021-01-01 05:06:00,1006,5013,groceries,0,0
308,1905,2021-01-01 05:07:00,1008,5035,groceries,1,0
309,2743,2021-01-01 05:08:00,1047,5096,dining,0,0
310,3873,2021-01-01 05:09:00,1071,5022,electronics,0,0
311,4731,2021-01-01 05:10:00,1058,5065,apparel,0,0
312,4024,2021-01-01 05:11:00,1086,5084,groceries,0,0
313,2911,2021-01-01 05:12:00,1092,5001,electronics,0,0
314,1696,2021-01-01 05:13:00,1081,5090,travel,0,0
315,3019,2021-01-01 05:14:00,1094,5072,groceries,1,0
316,164,2021-01-01 05:15:00,1093,5064,electronics,0,0
317,2547,2021-01-01 05:16:00,1038,5074,electronics,0,0
318,1419,2021-01-01 05:17:00,1098,5066,apparel,0,0
319,4067,2021-01-01 05:18:00,1017,5051,apparel,0,0
320,794,2021-01-01 05:19:00,1058,5061,travel,0,0
321,3185,2021-01-01 05:20:00,1016,5022,electronics,0,0
322,4351,2021-01-01 05:21:00,1013,5025,electronics,0,0
323,2816,2021-01-01 05:22:00,1030,5067,apparel,0,0
324,547,2021-01-01 05:23:00,1023,5081,groceries,0,0
325,1851,2021-01-01 05:24:00,1098,5054,groceries,0,1
326,2465,2021-01-01 05:25:00,1059,5005,dining,0,0
327,534,2021-01-01 05:26:00,1044,5034,apparel,0,0
328,2960,2021-01-01 05:27:00,1097,5021,dining,0,0
329,4141,2021-01-01 05:28:00,1002,5042,apparel,0,0
330,4790,2021-01-01 05:29:00,1036,5014,travel,0,0
331,4125,2021-01-01 05:30:00,1042,5085,electronics,1,0
332,2378,2021-01-01 05:31:00,1039,5059,travel,0,0
333,3857,2021-01-01 05:32:00,1089,5011,apparel,0,0
334,4505,2021-01-01 05:33:00,1054,5048,electronics,0,0
335,2711,2021-01-01 05:34:00,1086,5041,groceries,0,0
336,981,2021-01-01 05:35:00,1038,5037,groceries,0,0
337,1176,2021-01-01 05:36:00,1014,5081,dining,0,0
338,4939,2021-01-01 05:37:00,1003,5044,apparel,0,0
339,2784,2021-01-01 05:38:00,1092,5034,apparel,0,0
340,1992,2021-01-01 05:39:00,1085,5029,groceries,0,0
341,863,2021-01-01 05:40:00,1024,5087,travel,0,0
342,4156,2021-01-01 05:41:00,1012,5029,electronics,0,0
343,3746,2021-01-01 05:42:00,1081,5077,travel,0,1
344,3779,2021-01-01 05:43:00,1032,5005,travel,0,0
345,584,2021-01-01 05:44:00,1015,5066,groceries,0,0
346,3271,2021-01-01 05:45:00,1041,5079,groceries,0,0
347,1158,2021-01-01 05:46:00,1065,5006,groceries,0,0
348,1725,2021-01-01 05:47:00,1054,5051,dining,0,0
349,4787,2021-01-01 05:48:00,1098,5013,travel,0,0
350,4943,2021-01-01 05:49:00,1041,5072,apparel,0,0
351,3864,2021-01-01 05:50:00,1033,5014,electronics,0,0
352,2501,2021-01-01 05:51:00,1029,5020,dining,0,0
353,2670,2021-01-01 05:52:00,1012,5034,apparel,0,0
354,3134,2021-01-01 05:53:00,1012,5065,travel,0,0
355,3061,2021-01-01 05:54:00,1017,5090,groceries,0,1
356,14,2021-01-01 05:55:00,1031,5001,travel,0,0
357,4879,2021-01-01 05:56:00,1095,5034,electronics,0,0
358,886,2021-01-01 05:57:00,1098,5081,dining,0,0
359,1001,2021-01-01 05:58:00,1038,5077,dining,0,0
360,4152,2021-01-01 05:59:00,1045,5019,electronics,0,0
361,4374,2021-01-01 06:00:00,1028,5081,apparel,0,1
362,4475,2021-01-01 06:01:00,1061,5009,apparel,0,0
363,645,2021-01-01 06:02:00,1092,5024,dining,0,0
364,1703,2021-01-01 06:03:00,1061,5065,dining,0,0
365,1692,2021-01-01 06:04:00,1056,5024,groceries,0,0
366,4762,2021-01-01 06:05:00,1015,5053,apparel,0,0
367,129,2021-01-01 06:06:00,1055,5032,electronics,0,0
368,840,2021-01-01 06:07:00,1009,5035,apparel,0,0
369,3685,2021-01-01 06:08:00,1029,5094,groceries,0,1
370,1379,2021-01-01 06:09:00,1024,5013,dining,0,0
371,750,2021-01-01 06:10:00,1083,5064,dining,1,0
372,126,2021-01-01 06:11:00,1004,5079,groceries,0,1
373,2848,2021-01-01 06:12:00,1064,5053,electronics,0,0
374,1160,2021-01-01 06:13:00,1093,5051,dining,0,0
375,1941,2021-01-01 06:14:00,1048,5002,travel,0,0
376,1022,2021-01-01 06:15:00,1002,5098,dining,0,0
377,1674,2021-01-01 06:16:00,1044,5040,travel,0,0
378,1091,2021-01-01 06:17:00,1013,5005,groceries,0,0
379,4739,2021-01-01 06:18:00,1029,5024,groceries,0,0
380,522,2021-01-01 06:19:00,1067,5012,dining,0,0
381,2859,2021-01-01 06:20:00,1017,5097,apparel,0,0
382,569,2021-01-01 06:21:00,1061,5007,travel,0,0
383,3682,2021-01-01 06:22:00,1036,5020,electronics,1,0
384,4593,2021-01-01 06:23:00,1024,5097,dining,0,0
385,3353,2021-01-01 06:24:00,1047,5067,electronics,0,0
386,4080,2021-01-01 06:25:00,1064,5024,dining,1,0
387,4809,2021-01-01 06:26:00,1052,5078,apparel,0,0
388,1480,2021-01-01 06:27:00,1078,5067,apparel,1,0
389,590,2021-01-01 06:28:00,1072,5044,apparel,0,0
390,2304,2021-01-01 06:29:00,1014,5059,apparel,0,0
391,3157,2021-01-01 06:30:00,1048,5011,groceries,0,0
392,4259,2021-01-01 06:31:00,1087,5031,groceries,0,0
393,1689,2021-01-01 06:32:00,1067,5095,travel,0,0
394,3516,2021-01-01 06:33:00,1011,5091,electronics,1,1
395,2754,2021-01-01 06:34:00,1058,5012,dining,0,0
396,3366,2021-01-01 06:35:00,1036,5030,dining,0,0
397,4055,2021-01-01 06:36:00,1060,5077,groceries,0,0
398,1253,2021-01-01 06:37:00,1042,5019,dining,0,0
399,3128,2021-01-01 06:38:00,1069,5017,groceries,0,0
400,2151,2021-01-01 06:39:00,1038,5092,travel,0,0
401,3069,2021-01-01 06:40:00,1055,5059,electronics,0,0
402,4558,2021-01-01 06:41:00,1062,5062,travel,0,0
403,2969,2021-01-01 06:42:00,1045,5005,apparel,0,0
404,2275,2021-01-01 06:43:00,1087,5031,apparel,0,0
405,2489,2021-01-01 06:44:00,1010,5092,apparel,0,0
406,4656,2021-01-01 06:45:00,1061,5042,travel,0,0
407,1645,2021-01-01 06:46:00,1076,5001,dining,0,0
408,1767,2021-01-01 06:47:00,1097,5059,electronics,0,0
409,4462,2021-01-01 06:48:00,1024,5022,apparel,0,0
410,2080,2021-01-01 06:49:00,1070,5082,apparel,0,0
411,2859,2021-01-01 06:50:00,1051,5030,apparel,0,0
412,3261,2021-01-01 06:51:00,1003,5004,electronics,0,0
413,3740,2021-01-01 06:52:00,1058,5082,apparel,0,0
414,2499,2021-01-01 06:53:00,1071,5033,electronics,0,0
415,1641,2021-01-01 06:54:00,1019,5009,apparel,0,0
416,2826,2021-01-01 06:55:00,1092,5088,travel,0,0
417,1025,2021-01-01 06:56:00,1062,5001,travel,0,0
418,1358,2021-01-01 06:57:00,1053,5010,electronics,0,0
419,4621,2021-01-01 06:58:00,1073,5049,travel,0,0
420,3097,2021-01-01 06:59:00,1097,5030,electronics,0,0
421,2849,2021-01-01 07:00:00,1056,5055,travel,0,0
422,345,2021-01-01 07:01:00,1089,5078,travel,0,0
423,4602,2021-01-01 07:02:00,1040,5072,electronics,0,0
424,905,2021-01-01 07:03:00,1002,5086,dining,0,0
425,3556,2021-01-01 07:04:00,1005,5082,travel,0,0
426,861,2021-01-01 07:05:00,1004,5008,apparel,0,0
427,1697,2021-01-01 07:06:00,1004,5098,dining,0,0
428,1941,2021-01-01 07:07:00,1053,5020,electronics,0,0
429,3756,2021-01-01 07:08:00,1046,5072,dining,1,0
430,2437,2021-01-01 07:09:00,1086,5027,groceries,0,0
431,1578,2021-01-01 07:10:00,1048,5061,groceries,0,0
432,4010,2021-01-01 07:11:00,1008,5006,travel,1,0
433,2748,2021-01-01 07:12:00,1098,5079,travel,0,0
434,3508,2021-01-01 07:13:00,1019,5015,apparel,1,0
435,3923,2021-01-01 07:14:00,1060,5096,dining,0,0
436,1076,2021-01-01 07:15:00,1034,5003,groceries,0,0
437,4390,2021-01-01 07:16:00,1049,5003,travel,0,0
438,2454,2021-01-01 07:17:00,1081,5039,dining,0,0
439,4117,2021-01-01 07:18:00,1061,5016,travel,0,0
440,3383,2021-01-01 07:19:00,1016,5051,travel,0,0
441,3979,2021-01-01 07:20:00,1087,5092,groceries,0,0
442,2556,2021-01-01 07:21:00,1002,5051,groceries,0,0
443,763,2021-01-01 07:22:00,1031,5035,travel,0,0
444,2092,2021-01-01 07:23:00,1098,5037,electronics,0,0
445,2784,2021-01-01 07:24:00,1012,5049,travel,1,0
446,2906,2021-01-01 07:25:00,1088,5062,travel,0,1
447,4195,2021-01-01 07:26:00,1072,5062,apparel,0,0
448,785,2021-01-01 07:27:00,1067,5061,apparel,0,0
449,1635,2021-01-01 07:28:00,1013,5098,apparel,0,0
450,3079,2021-01-01 07:29:00,1097,5006,electronics,0,0
451,427,2021-01-01 07:30:00,1010,5026,electronics,0,0
452,124,2021-01-01 07:31:00,1055,5091,travel,0,0
453,626,2021-01-01 07:32:00,1066,5085,apparel,0,1
454,3984,2021-01-01 07:33:00,1091,5013,electronics,0,0
455,3277,2021-01-01 07:34:00,1028,5070,groceries,0,0
456,835,2021-01-01 07:35:00,1008,5085,travel,0,0
457,1526,2021-01-01 07:36:00,1066,5004,dining,0,0
458,3156,2021-01-01 07:37:00,1024,5054,travel,0,0
459,422,2021-01-01 07:38:00,1097,5001,dining,0,0
460,738,2021-01-01 07:39:00,1075,5061,apparel,0,0
461,3358,2021-01-01 07:40:00,1041,5090,dining,0,0
462,2818,2021-01-01 07:41:00,1008,5020,apparel,0,0
463,685,2021-01-01 07:42:00,1078,5078,groceries,0,0
464,3475,2021-01-01 07:43:00,1039,5020,dining,0,0
465,2514,2021-01-01 07:44:00,1024,5009,travel,0,0
466,2977,2021-01-01 07:45:00,1004,5086,apparel,0,0
467,2796,2021-01-01 07:46:00,1010,5057,travel,0,0
468,1132,2021-01-01 07:47:00,1058,5038,electronics,0,0
469,4089,2021-01-01 07:48:00,1097,5004,apparel,0,0
470,1581,2021-01-01 07:49:00,1087,5064,dining,0,0
471,2153,2021-01-01 07:50:00,1078,5012,apparel,0,0
472,1697,2021-01-01 07:51:00,1037,5084,travel,0,0
473,4142,2021-01-01 07:52:00,1071,5089,groceries,0,0
474,3861,2021-01-01 07:53:00,1004,5084,apparel,0,0
475,3450,2021-01-01 07:54:00,1047,5052,dining,0,0
476,3776,2021-01-01 07:55:00,1089,5081,electronics,0,0
477,2336,2021-01-01 07:56:00,1017,5044,groceries,0,0
478,2924,2021-01-01 07:57:00,1069,5031,electronics,0,0
479,4978,2021-01-01 07:58:00,1036,5035,apparel,0,0
480,3962,2021-01-01 07:59:00,1059,5080,travel,0,0
481,605,2021-01-01 08:00:00,1047,5098,travel,0,0
482,738,2021-01-01 08:01:00,1076,5059,dining,0,0
483,1375,2021-01-01 08:02:00,1027,5010,travel,0,0
484,4502,2021-01-01 08:03:00,1068,5062,groceries,0,0
485,708,2021-01-01 08:04:00,1076,5020,travel,0,0
486,405,2021-01-01 08:05:00,1080,5051,dining,0,0
487,4181,2021-01-01 08:06:00,1039,5054,apparel,0,0
488,4370,2021-01-01 08:07:00,1044,5025,apparel,0,0
489,2512,2021-01-01 08:08:00,1095,5067,travel,0,0
490,1829,2021-01-01 08:09:00,1061,5033,electronics,0,0
491,727,2021-01-01 08:10:00,1092,5051,apparel,0,0
492,2792,2021-01-01 08:11:00,1057,5081,travel,1,0
493,4956,2021-01-01 08:12:00,1066,5098,dining,0,0
494,3587,2021-01-01 08:13:00,1055,5092,travel,0,0
495,153,2021-01-01 08:14:00,1039,5051,apparel,0,0
496,4990,2021-01-01 08:15:00,1097,5028,dining,0,0
497,3150,2021-01-01 08:16:00,1039,5037,travel,0,0
498,4501,2021-01-01 08:17:00,1090,5041,groceries,0,0
499,2948,2021-01-01 08:18:00,1076,5020,dining,0,0
500,3646,2021-01-01 08:19:00,1032,5041,groceries,0,0
501,3232,2021-01-01 08:20:00,1005,5012,electronics,0,0
502,1177,2021-01-01 08:21:00,1087,5063,dining,0,0
503,2626,2021-01-01 08:22:00,1018,5016,groceries,0,0
504,1072,2021-01-01 08:23:00,1079,5008,apparel,0,0
505,2166,2021-01-01 08:24:00,1039,5040,apparel,0,0
506,2992,2021-01-01 08:25:00,1091,5000,electronics,0,0
507,3304,2021-01-01 08:26:00,1096,5001,dining,0,1
508,4739,2021-01-01 08:27:00,1058,5059,dining,0,0
509,1166,2021-01-01 08:28:00,1058,5047,dining,1,0
510,742,2021-01-01 08:29:00,1047,5028,electronics,0,0
511,4340,2021-01-01 08:30:00,1040,5096,dining,0,0
512,4856,2021-01-01 08:31:00,1012,5009,apparel,0,0
513,963,2021-01-01 08:32:00,1044,5057,groceries,0,0
514,2549,2021-01-01 08:33:00,1088,5059,apparel,0,0
515,3334,2021-01-01 08:34:00,1052,5020,apparel,0,0
516,3311,2021-01-01 08:35:00,1041,5027,groceries,0,1
517,1552,2021-01-01 08:36:00,1099,5074,apparel,0,0
518,1201,2021-01-01 08:37:00,1062,5033,electronics,0,0
519,3003,2021-01-01 08:38:00,1026,5007,groceries,0,0
520,2691,2021-01-01 08:39:00,1037,5058,apparel,0,0
521,1227,2021-01-01 08:40:00,1059,5085,travel,0,0
522,1550,2021-01-01 08:41:00,1006,5071,apparel,0,0
523,3246,2021-01-01 08:42:00,1004,5048,electronics,0,0
524,2396,2021-01-01 08:43:00,1044,5078,dining,0,0
525,3729,2021-01-01 08:44:00,1057,5016,apparel,0,0
526,1398,2021-01-01 08:45:00,1030,5059,dining,0,0
527,1866,2021-01-01 08:46:00,1022,5086,travel,0,0
528,1375,2021-01-01 08:47:00,1041,5087,apparel,0,0
529,509,2021-01-01 08:48:00,1009,5044,groceries,0,0
530,1690,2021-01-01 08:49:00,1031,5082,dining,0,0
531,520,2021-01-01 08:50:00,1052,5068,travel,0,1
532,4322,2021-01-01 08:51:00,1029,5031,groceries,0,0
533,1334,2021-01-01 08:52:00,1038,5043,groceries,1,0
534,1165,2021-01-01 08:53:00,1030,5064,groceries,0,0
535,1837,2021-01-01 08:54:00,1081,5086,groceries,1,0
536,3151,2021-01-01 08:55:00,1099,5007,apparel,1,0
537,3496,2021-01-01 08:56:00,1001,5076,apparel,0,0
538,1820,2021-01-01 08:57:00,1077,5071,apparel,0,0
539,2933,2021-01-01 08:58:00,1076,5086,travel,0,0
540,2224,2021-01-01 08:59:00,1092,5042,travel,0,0
541,4196,2021-01-01 09:00:00,1011,5000,travel,0,0
542,723,2021-01-01 09:01:00,1038,5050,electronics,0,0
543,3612,2021-01-01 09:02:00,1065,5023,travel,0,0
544,4144,2021-01-01 09:03:00,1095,5098,apparel,1,0
545,3532,2021-01-01 09:04:00,1012,5023,apparel,0,0
546,4278,2021-01-01 09:05:00,1045,5016,electronics,0,0
547,4758,2021-01-01 09:06:00,1026,5004,electronics,0,0
548,4859,2021-01-01 09:07:00,1016,5019,travel,0,0
549,1253,2021-01-01 09:08:00,1094,5020,dining,0,0
550,3719,2021-01-01 09:09:00,1097,5057,electronics,0,0
551,1091,2021-01-01 09:10:00,1059,5030,groceries,0,0
552,465,2021-01-01 09:11:00,1063,5099,apparel,0,1
553,4934,2021-01-01 09:12:00,1087,5010,groceries,1,0
554,904,2021-01-01 09:13:00,1034,5051,apparel,0,1
555,1394,2021-01-01 09:14:00,1069,5014,apparel,0,0
556,1968,2021-01-01 09:15:00,1082,5082,electronics,0,1
557,3082,2021-01-01 09:16:00,1029,5006,electronics,0,0
558,2006,2021-01-01 09:17:00,1070,5027,groceries,0,0
559,4295,2021-01-01 09:18:00,1073,5050,apparel,1,0
560,514,2021-01-01 09:19:00,1095,5057,groceries,0,0
561,1224,2021-01-01 09:20:00,1097,5004,dining,0,0
562,1541,2021-01-01 09:21:00,1062,5004,groceries,0,0
563,3450,2021-01-01 09:22:00,1027,5093,travel,0,0
564,833,2021-01-01 09:23:00,1059,5095,groceries,0,0
565,938,2021-01-01 09:24:00,1078,5007,travel,0,0
566,143,2021-01-01 09:25:00,1093,5063,travel,0,0
567,2115,2021-01-01 09:26:00,1036,5009,travel,0,0
568,3637,2021-01-01 09:27:00,1092,5037,dining,0,0
569,4790,2021-01-01 09:28:00,1021,5095,groceries,0,0
570,1862,2021-01-01 09:29:00,1067,5091,groceries,0,0
571,4920,2021-01-01 09:30:00,1019,5080,dining,0,0
572,4185,2021-01-01 09:31:00,1095,5094,apparel,0,0
573,2943,2021-01-01 09:32:00,1099,5007,electronics,0,1
574,3294,2021-01-01 09:33:00,1067,5024,groceries,0,0
575,4308,2021-01-01 09:34:00,1090,5072,electronics,0,0
576,2821,2021-01-01 09:35:00,1063,5065,dining,0,0
577,1260,2021-01-01 09:36:00,1016,5078,apparel,0,0
578,3522,2021-01-01 09:37:00,1011,5049,apparel,0,0
579,1266,2021-01-01 09:38:00,1021,5066,apparel,0,0
580,3386,2021-01-01 09:39:00,1016,5048,dining,1,0
581,3496,2021-01-01 09:40:00,1009,5035,travel,0,0
582,3594,2021-01-01 09:41:00,1064,5067,travel,1,0
583,1406,2021-01-01 09:42:00,1021,5077,electronics,0,0
584,3647,2021-01-01 09:43:00,1089,5040,travel,0,0
585,3340,2021-01-01 09:44:00,1081,5088,travel,0,0
586,2713,2021-01-01 09:45:00,1049,5061,apparel,0,0
587,480,2021-01-01 09:46:00,1013,5009,apparel,1,0
588,1363,2021-01-01 09:47:00,1063,5020,electronics,0,1
589,2793,2021-01-01 09:48:00,1046,5035,groceries,0,0
590,2841,2021-01-01 09:49:00,1028,5011,electronics,0,0
591,367,2021-01-01 09:50:00,1075,5090,electronics,1,0
592,3029,2021-01-01 09:51:00,1035,5001,dining,0,0
593,677,2021-01-01 09:52:00,1098,5012,dining,0,0
594,4478,2021-01-01 09:53:00,1051,5052,electronics,0,0
595,1155,2021-01-01 09:54:00,1075,5031,electronics,0,0
596,4195,2021-01-01 09:55:00,1006,5094,electronics,0,0
597,3729,2021-01-01 09:56:00,1028,5015,travel,0,0
598,2755,2021-01-01 09:57:00,1010,5031,dining,0,1
599,549,2021-01-01 09:58:00,1032,5031,electronics,0,0
600,2789,2021-01-01 09:59:00,1005,5097,apparel,0,0
601,4974,2021-01-01 10:00:00,1078,5010,apparel,1,0
602,4146,2021-01-01 10:01:00,1031,5009,travel,0,0
603,4845,2021-01-01 10:02:00,1050,5014,travel,0,0
604,3785,2021-01-01 10:03:00,1074,5016,groceries,0,0
605,2518,2021-01-01 10:04:00,1057,5039,groceries,0,0
606,2789,2021-01-01 10:05:00,1086,5017,groceries,0,0
607,934,2021-01-01 10:06:00,1025,5054,travel,0,0
608,2966,2021-01-01 10:07:00,1097,5072,travel,0,0
609,1591,2021-01-01 10:08:00,1045,5024,travel,1,0
610,3334,2021-01-01 10:09:00,1097,5058,apparel,0,0
611,4495,2021-01-01 10:10:00,1028,5077,travel,1,0
612,265,2021-01-01 10:11:00,1003,5088,apparel,0,0
613,4814,2021-01-01 10:12:00,1080,5021,groceries,0,0
614,1848,2021-01-01 10:13:00,1098,5029,groceries,0,0
615,1954,2021-01-01 10:14:00,1012,5083,groceries,0,0
616,19,2021-01-01 10:15:00,1038,5084,electronics,0,0
617,2881,2021-01-01 10:16:00,1014,5043,electronics,0,0
618,807,2021-01-01 10:17:00,1028,5031,dining,0,0
619,4982,2021-01-01 10:18:00,1028,5050,dining,0,0
620,1025,2021-01-01 10:19:00,1074,5045,dining,0,0
621,1834,2021-01-01 10:20:00,1031,5020,electronics,0,0
622,4479,2021-01-01 10:21:00,1001,5098,electronics,0,0
623,3146,2021-01-01 10:22:00,1046,5031,dining,1,0
624,2203,2021-01-01 10:23:00,1077,5093,dining,0,0
625,233,2021-01-01 10:24:00,1083,5038,travel,0,0
626,4958,2021-01-01 10:25:00,1021,5011,dining,0,0
627,4168,2021-01-01 10:26:00,1074,5046,travel,0,0
628,3935,2021-01-01 10:27:00,1026,5017,apparel,0,0
629,4794,2021-01-01 10:28:00,1066,5020,electronics,1,0
630,4010,2021-01-01 10:29:00,1080,5012,dining,0,0
631,1643,2021-01-01 10:30:00,1055,5020,electronics,0,0
632,2162,2021-01-01 10:31:00,1091,5007,electronics,0,0
633,520,2021-01-01 10:32:00,1092,5045,electronics,0,0
634,394,2021-01-01 10:33:00,1020,5006,apparel,0,0
635,414,2021-01-01 10:34:00,1046,5022,groceries,0,0
636,4623,2021-01-01 10:35:00,1079,5095,dining,0,0
637,4581,2021-01-01 10:36:00,1058,5074,groceries,0,0
638,2010,2021-01-01 10:37:00,1083,5085,groceries,0,0
639,2766,2021-01-01 10:38:00,1005,5021,groceries,0,0
640,1678,2021-01-01 10:39:00,1018,5088,electronics,1,0
641,1470,2021-01-01 10:40:00,1056,5021,travel,0,0
642,3646,2021-01-01 10:41:00,1068,5091,electronics,0,0
643,2734,2021-01-01 10:42:00,1002,5028,electronics,0,0
644,4819,2021-01-01 10:43:00,1000,5012,groceries,0,0
645,4188,2021-01-01 10:44:00,1057,5081,electronics,0,0
646,2058,2021-01-01 10:45:00,1037,5001,groceries,0,0
647,4156,2021-01-01 10:46:00,1014,5028,travel,0,0
648,4790,2021-01-01 10:47:00,1033,5084,dining,0,0
649,726,2021-01-01 10:48:00,1060,5078,groceries,0,0
650,4554,2021-01-01 10:49:00,1034,5051,travel,0,0
651,4986,2021-01-01 10:50:00,1063,5026,dining,0,0
652,4593,2021-01-01 10:51:00,1024,5049,apparel,0,0
653,1833,2021-01-01 10:52:00,1023,5094,groceries,0,0
654,2091,2021-01-01 10:53:00,1011,5078,groceries,0,0
655,3429,2021-01-01 10:54:00,1017,5022,apparel,1,0
656,1584,2021-01-01 10:55:00,1014,5087,apparel,0,0
657,259,2021-01-01 10:56:00,1079,5043,groceries,0,0
658,683,2021-01-01 10:57:00,1026,5076,apparel,0,0
659,4543,2021-01-01 10:58:00,1071,5021,electronics,1,0
660,2175,2021-01-01 10:59:00,1059,5042,dining,0,0
661,780,2021-01-01 11:00:00,1045,5036,dining,0,0
662,3972,2021-01-01 11:01:00,1088,5060,dining,0,0
663,4373,2021-01-01 11:02:00,1016,5096,electronics,0,0
664,1994,2021-01-01 11:03:00,1092,5055,apparel,0,0
665,1087,2021-01-01 11:04:00,1052,5002,travel,0,0
666,245,2021-01-01 11:05:00,1007,5062,apparel,0,0
667,398,2021-01-01 11:06:00,1078,5018,groceries,0,0
668,3047,2021-01-01 11:07:00,1026,5022,dining,0,0
669,4868,2021-01-01 11:08:00,1045,5028,apparel,0,0
670,1858,2021-01-01 11:09:00,1049,5029,travel,0,0
671,4729,2021-01-01 11:10:00,1070,5038,groceries,0,0
672,2824,2021-01-01 11:11:00,1002,5024,electronics,1,0
673,3384,2021-01-01 11:12:00,1092,5007,electronics,0,0
674,3288,2021-01-01 11:13:00,1063,5057,travel,0,0
675,1262,2021-01-01 11:14:00,1043,5015,groceries,0,0
676,3991,2021-01-01 11:15:00,1052,5071,dining,0,0
677,4683,2021-01-01 11:16:00,1023,5000,apparel,1,0
678,2132,2021-01-01 11:17:00,1059,5004,groceries,0,0
679,4540,2021-01-01 11:18:00,1002,5002,electronics,0,0
680,2160,2021-01-01 11:19:00,1019,5064,travel,0,0
681,4869,2021-01-01 11:20:00,1045,5003,travel,0,0
682,1339,2021-01-01 11:21:00,1014,5098,apparel,0,0
683,1368,2021-01-01 11:22:00,1024,5095,travel,0,0
684,2492,2021-01-01 11:23:00,1093,5063,travel,0,0
685,4552,2021-01-01 11:24:00,1077,5097,groceries,0,0
686,2027,2021-01-01 11:25:00,1070,5088,dining,0,0
687,1341,2021-01-01 11:26:00,1016,5009,apparel,0,0
688,4354,2021-01-01 11:27:00,1083,5020,groceries,0,0
689,4271,2021-01-01 11:28:00,1099,5045,dining,0,0
690,1368,2021-01-01 11:29:00,1008,5090,groceries,0,0
691,4647,2021-01-01 11:30:00,1037,5026,groceries,0,0
692,4864,2021-01-01 11:31:00,1047,5065,travel,1,0
693,3187,2021-01-01 11:32:00,1059,5040,dining,0,0
694,2138,2021-01-01 11:33:00,1062,5012,apparel,0,0
695,2190,2021-01-01 11:34:00,1085,5008,apparel,0,0
696,4902,2021-01-01 11:35:00,1001,5035,dining,0,0
697,147,2021-01-01 11:36:00,1087,5085,travel,0,0
698,3482,2021-01-01 11:37:00,1071,5089,electronics,0,0
699,2842,2021-01-01 11:38:00,1010,5057,groceries,0,0
700,3589,2021-01-01 11:39:00,1063,5053,travel,1,0
701,3041,2021-01-01 11:40:00,1076,5011,dining,0,0
702,4174,2021-01-01 11:41:00,1080,5080,groceries,0,0
703,2603,2021-01-01 11:42:00,1071,5077,apparel,0,0
704,4310,2021-01-01 11:43:00,1020,5013,electronics,0,0
705,3828,2021-01-01 11:44:00,1017,5033,apparel,0,0
706,4148,2021-01-01 11:45:00,1093,5052,dining,0,0
707,3833,2021-01-01 11:46:00,1063,5019,groceries,1,0
708,4052,2021-01-01 11:47:00,1081,5074,dining,0,0
709,1916,2021-01-01 11:48:00,1094,5015,groceries,0,0
710,770,2021-01-01 11:49:00,1037,5094,travel,0,0
711,3455,2021-01-01 11:50:00,1031,5069,electronics,0,0
712,909,2021-01-01 11:51:00,1010,5055,travel,0,0
713,4465,2021-01-01 11:52:00,1044,5082,travel,0,0
714,2957,2021-01-01 11:53:00,1088,5057,dining,0,0
715,1729,2021-01-01 11:54:00,1032,5003,electronics,0,0
716,290,2021-01-01 11:55:00,1040,5003,groceries,0,0
717,3276,2021-01-01 11:56:00,1007,5019,groceries,0,0
718,1897,2021-01-01 11:57:00,1010,5009,apparel,0,0
719,3276,2021-01-01 11:58:00,1085,5023,groceries,0,0
720,676,2021-01-01 11:59:00,1050,5098,dining,0,0
721,4198,2021-01-01 12:00:00,1087,5025,travel,1,1
722,681,2021-01-01 12:01:00,1040,5036,travel,0,0
723,1979,2021-01-01 12:02:00,1016,5084,travel,0,0
724,4166,2021-01-01 12:03:00,1075,5053,electronics,0,0
725,3132,2021-01-01 12:04:00,1045,5020,groceries,0,0
726,4709,2021-01-01 12:05:00,1031,5073,dining,0,0
727,4787,2021-01-01 12:06:00,1078,5037,electronics,0,0
728,3910,2021-01-01 12:07:00,1079,5045,apparel,0,0
729,533,2021-01-01 12:08:00,1053,5003,dining,1,0
730,2403,2021-01-01 12:09:00,1085,5059,dining,1,0
731,3127,2021-01-01 12:10:00,1091,5056,dining,0,0
732,2603,2021-01-01 12:11:00,1019,5044,travel,0,0
733,1978,2021-01-01 12:12:00,1032,5019,dining,0,0
734,1763,2021-01-01 12:13:00,1073,5016,groceries,0,0
735,2306,2021-01-01 12:14:00,1039,5070,dining,0,0
736,2271,2021-01-01 12:15:00,1031,5003,travel,0,0
737,2296,2021-01-01 12:16:00,1096,5092,dining,0,0
738,4212,2021-01-01 12:17:00,1001,5013,apparel,0,0
739,2888,2021-01-01 12:18:00,1096,5002,apparel,1,0
740,4153,2021-01-01 12:19:00,1032,5087,travel,0,0
741,3654,2021-01-01 12:20:00,1076,5079,groceries,0,0
742,4442,2021-01-01 12:21:00,1029,5057,groceries,0,0
743,2065,2021-01-01 12:22:00,1032,5054,electronics,0,0
744,4730,2021-01-01 12:23:00,1076,5003,travel,0,0
745,1286,2021-01-01 12:24:00,1025,5023,dining,0,0
746,2776,2021-01-01 12:25:00,1021,5033,travel,1,0
747,312,2021-01-01 12:26:00,1065,5029,electronics,0,0
748,648,2021-01-01 12:27:00,1037,5081,travel,0,0
749,65,2021-01-01 12:28:00,1089,5018,travel,0,0
750,4831,2021-01-01 12:29:00,1045,5030,electronics,0,0
751,535,2021-01-01 12:30:00,1014,5059,groceries,0,0
752,4579,2021-01-01 12:31:00,1097,5059,dining,1,0
753,4133,2021-01-01 12:32:00,1043,5018,electronics,0,0
754,2135,2021-01-01 12:33:00,1048,5048,apparel,0,0
755,3297,2021-01-01 12:34:00,1074,5062,groceries,0,0
756,374,2021-01-01 12:35:00,1060,5082,apparel,0,0
757,4631,2021-01-01 12:36:00,1066,5021,groceries,0,0
758,4988,2021-01-01 12:37:00,1005,5023,dining,0,0
759,1656,2021-01-01 12:38:00,1008,5075,dining,0,0
760,928,2021-01-01 12:39:00,1005,5029,travel,0,0
761,2807,2021-01-01 12:40:00,1072,5057,apparel,0,0
762,1541,2021-01-01 12:41:00,1094,5030,groceries,0,0
763,3355,2021-01-01 12:42:00,1031,5099,dining,0,0
764,1916,2021-01-01 12:43:00,1040,5063,electronics,0,0
765,3096,2021-01-01 12:44:00,1075,5018,dining,0,0
766,4590,2021-01-01 12:45:00,1007,5047,electronics,0,0
767,2085,2021-01-01 12:46:00,1071,5044,groceries,0,0
768,723,2021-01-01 12:47:00,1049,5099,dining,0,0
769,1072,2021-01-01 12:48:00,1091,5093,dining,1,0
770,1986,2021-01-01 12:49:00,1061,5054,groceries,1,0
771,1306,2021-01-01 12:50:00,1083,5054,dining,0,0
772,135,2021-01-01 12:51:00,1061,5096,electronics,1,0
773,4642,2021-01-01 12:52:00,1006,5017,dining,0,0
774,3606,2021-01-01 12:53:00,1074,5062,apparel,0,0
775,3293,2021-01-01 12:54:00,1083,5091,travel,0,0
776,1613,2021-01-01 12:55:00,1079,5046,electronics,0,1
777,76,2021-01-01 12:56:00,1003,5074,apparel,0,0
778,242,2021-01-01 12:57:00,1005,5056,groceries,0,0
779,2166,2021-01-01 12:58:00,1057,5044,electronics,0,0
780,1179,2021-01-01 12:59:00,1021,5032,travel,0,0
781,2168,2021-01-01 13:00:00,1025,5016,travel,0,0
782,4216,2021-01-01 13:01:00,1002,5069,groceries,1,0
783,1503,2021-01-01 13:02:00,1040,5003,groceries,0,0
784,4728,2021-01-01 13:03:00,1059,5019,electronics,0,1
785,4017,2021-01-01 13:04:00,1013,5046,dining,0,0
786,2482,2021-01-01 13:05:00,1074,5090,groceries,0,0
787,2670,2021-01-01 13:06:00,1081,5014,dining,0,0
788,2749,2021-01-01 13:07:00,1011,5069,apparel,0,0
789,1771,2021-01-01 13:08:00,1086,5046,travel,0,0
790,3524,2021-01-01 13:09:00,1011,5077,dining,0,0
791,1985,2021-01-01 13:10:00,1012,5074,travel,0,0
792,2372,2021-01-01 13:11:00,1024,5008,dining,0,0
793,886,2021-01-01 13:12:00,1044,5089,apparel,0,0
794,3822,2021-01-01 13:13:00,1018,5015,groceries,0,0
795,3458,2021-01-01 13:14:00,1054,5068,apparel,0,0
796,1322,2021-01-01 13:15:00,1099,5060,groceries,0,1
797,1470,2021-01-01 13:16:00,1044,5009,groceries,0,0
798,2719,2021-01-01 13:17:00,1007,5049,travel,1,0
799,2334,2021-01-01 13:18:00,1092,5002,apparel,1,0
800,1743,2021-01-01 13:19:00,1052,5076,dining,0,0
801,1615,2021-01-01 13:20:00,1054,5093,apparel,0,0
802,2573,2021-01-01 13:21:00,1031,5069,travel,0,0
803,3431,2021-01-01 13:22:00,1050,5080,groceries,0,0
804,3527,2021-01-01 13:23:00,1043,5050,travel,0,0
805,2407,2021-01-01 13:24:00,1081,5018,electronics,0,0
806,3745,2021-01-01 13:25:00,1069,5041,electronics,1,0
807,2880,2021-01-01 13:26:00,1017,5034,dining,0,0
808,1170,2021-01-01 13:27:00,1082,5045,travel,1,0
809,4864,2021-01-01 13:28:00,1021,5025,dining,0,0
810,252,2021-01-01 13:29:00,1036,5068,dining,0,0
811,2600,2021-01-01 13:30:00,1095,5092,electronics,0,0
812,1073,2021-01-01 13:31:00,1055,5063,dining,0,0
813,4334,2021-01-01 13:32:00,1058,5036,electronics,0,0
814,2605,2021-01-01 13:33:00,1002,5083,groceries,0,0
815,929,2021-01-01 13:34:00,1027,5048,travel,0,0
816,15,2021-01-01 13:35:00,1073,5020,dining,0,0
817,477,2021-01-01 13:36:00,1034,5073,electronics,0,1
818,4180,2021-01-01 13:37:00,1060,5063,apparel,0,0
819,13,2021-01-01 13:38:00,1092,5004,dining,1,1
820,655,2021-01-01 13:39:00,1053,5099,groceries,0,0
821,127,2021-01-01 13:40:00,1062,5069,groceries,0,0
822,2938,2021-01-01 13:41:00,1078,5089,apparel,0,0
823,2561,2021-01-01 13:42:00,1096,5003,electronics,0,0
824,4299,2021-01-01 13:43:00,1006,5038,dining,0,0
825,856,2021-01-01 13:44:00,1075,5034,electronics,0,0
826,2772,2021-01-01 13:45:00,1048,5000,groceries,0,0
827,1151,2021-01-01 13:46:00,1093,5023,electronics,0,0
828,1820,2021-01-01 13:47:00,1084,5056,groceries,0,0
829,733,2021-01-01 13:48:00,1030,5099,electronics,0,0
830,234,2021-01-01 13:49:00,1057,5069,apparel,0,0
831,4637,2021-01-01 13:50:00,1060,5040,travel,0,0
832,4218,2021-01-01 13:51:00,1023,5053,apparel,0,0
833,4664,2021-01-01 13:52:00,1019,5045,apparel,0,0
834,2058,2021-01-01 13:53:00,1036,5059,travel,0,0
835,4759,2021-01-01 13:54:00,1003,5059,travel,0,0
836,4425,2021-01-01 13:55:00,1091,5056,dining,0,0
837,1583,2021-01-01 13:56:00,1019,5030,dining,0,0
838,1838,2021-01-01 13:57:00,1059,5083,apparel,0,0
839,1927,2021-01-01 13:58:00,1023,5023,apparel,0,0
840,4244,2021-01-01 13:59:00,1049,5088,groceries,1,0
841,2036,2021-01-01 14:00:00,1048,5035,groceries,0,0
842,3754,2021-01-01 14:01:00,1050,5084,dining,0,0
843,911,2021-01-01 14:02:00,1095,5029,dining,0,0
844,4795,2021-01-01 14:03:00,1035,5023,groceries,0,0
845,2049,2021-01-01 14:04:00,1097,5029,groceries,0,0
846,19,2021-01-01 14:05:00,1099,5085,electronics,0,0
847,270,2021-01-01 14:06:00,1065,5091,electronics,0,0
848,1683,2021-01-01 14:07:00,1078,5006,groceries,0,0
849,2229,2021-01-01 14:08:00,1033,5034,electronics,0,0
850,2070,2021-01-01 14:09:00,1035,5054,travel,0,0
851,3723,2021-01-01 14:10:00,1005,5091,dining,0,0
852,1629,2021-01-01 14:11:00,1038,5013,dining,0,0
853,330,2021-01-01 14:12:00,1041,5009,groceries,1,0
854,1352,2021-01-01 14:13:00,1057,5079,apparel,0,0
855,2386,2021-01-01 14:14:00,1011,5015,groceries,1,0
856,2842,2021-01-01 14:15:00,1002,5053,electronics,1,0
857,2834,2021-01-01 14:16:00,1017,5094,apparel,0,0
858,2004,2021-01-01 14:17:00,1039,5088,electronics,0,0
859,2968,2021-01-01 14:18:00,1020,5076,travel,0,0
860,2048,2021-01-01 14:19:00,1014,5069,electronics,0,0
861,3500,2021-01-01 14:20:00,1096,5043,travel,0,0
862,3687,2021-01-01 14:21:00,1098,5072,travel,0,0
863,1128,2021-01-01 14:22:00,1025,5044,electronics,0,0
864,1614,2021-01-01 14:23:00,1007,5099,electronics,0,0
865,4037,2021-01-01 14:24:00,1099,5055,travel,1,0
866,245,2021-01-01 14:25:00,1093,5083,apparel,0,0
867,1979,2021-01-01 14:26:00,1086,5081,travel,0,0
868,4439,2021-01-01 14:27:00,1041,5056,dining,0,0
869,1918,2021-01-01 14:28:00,1043,5020,travel,1,0
870,385,2021-01-01 14:29:00,1013,5067,apparel,0,0
871,3540,2021-01-01 14:30:00,1077,5049,dining,0,0
872,2645,2021-01-01 14:31:00,1001,5032,groceries,0,0
873,1580,2021-01-01 14:32:00,1036,5090,groceries,0,0
874,2570,2021-01-01 14:33:00,1068,5006,apparel,0,0
875,3401,2021-01-01 14:34:00,1037,5069,travel,1,0
876,2975,2021-01-01 14:35:00,1040,5014,electronics,0,0
877,3653,2021-01-01 14:36:00,1061,5081,apparel,0,0
878,3860,2021-01-01 14:37:00,1059,5031,dining,0,0
879,882,2021-01-01 14:38:00,1013,5074,dining,0,0
880,1262,2021-01-01 14:39:00,1088,5019,groceries,0,0
881,1324,2021-01-01 14:40:00,1083,5087,dining,0,0
882,4830,2021-01-01 14:41:00,1001,5014,apparel,0,0
883,2908,2021-01-01 14:42:00,1069,5047,dining,0,0
884,87,2021-01-01 14:43:00,1016,5070,apparel,0,0
885,2631,2021-01-01 14:44:00,1088,5020,electronics,0,0
886,4237,2021-01-01 14:45:00,1027,5041,groceries,0,0
887,610,2021-01-01 14:46:00,1065,5025,dining,0,0
888,1075,2021-01-01 14:47:00,1034,5013,apparel,0,0
889,2146,2021-01-01 14:48:00,1004,5056,travel,1,0
890,2459,2021-01-01 14:49:00,1064,5036,groceries,0,0
891,2353,2021-01-01 14:50:00,1039,5057,electronics,0,0
892,1873,2021-01-01 14:51:00,1075,5020,apparel,0,0
893,1328,2021-01-01 14:52:00,1055,5081,electronics,0,0
894,4721,2021-01-01 14:53:00,1035,5068,electronics,0,0
895,3607,2021-01-01 14:54:00,1044,5002,dining,0,0
896,3772,2021-01-01 14:55:00,1022,5086,dining,0,0
897,4680,2021-01-01 14:56:00,1046,5089,apparel,1,0
898,2200,2021-01-01 14:57:00,1030,5036,travel,0,0
899,1002,2021-01-01 14:58:00,1010,5087,apparel,0,0
900,2722,2021-01-01 14:59:00,1009,5048,travel,0,0
901,2202,2021-01-01 15:00:00,1066,5018,electronics,0,0
902,1258,2021-01-01 15:01:00,1013,5088,groceries,0,0
903,3064,2021-01-01 15:02:00,1079,5084,apparel,0,0
904,4608,2021-01-01 15:03:00,1073,5011,apparel,0,1
905,4043,2021-01-01 15:04:00,1092,5060,travel,0,0
906,2007,2021-01-01 15:05:00,1009,5040,electronics,0,0
907,4926,2021-01-01 15:06:00,1075,5032,electronics,0,0
908,3697,2021-01-01 15:07:00,1093,5049,travel,0,0
909,2161,2021-01-01 15:08:00,1000,5067,electronics,0,1
910,4028,2021-01-01 15:09:00,1004,5070,dining,0,1
911,3120,2021-01-01 15:10:00,1019,5085,groceries,0,0
912,1980,2021-01-01 15:11:00,1007,5032,apparel,0,0
913,207,2021-01-01 15:12:00,1042,5080,groceries,0,0
914,2636,2021-01-01 15:13:00,1075,5023,apparel,1,0
915,1212,2021-01-01 15:14:00,1000,5060,dining,0,0
916,2045,2021-01-01 15:15:00,1056,5060,electronics,0,0
917,487,2021-01-01 15:16:00,1063,5097,travel,0,0
918,1264,2021-01-01 15:17:00,1083,5027,dining,0,0
919,932,2021-01-01 15:18:00,1027,5057,groceries,0,1
920,429,2021-01-01 15:19:00,1036,5042,travel,0,0
921,2214,2021-01-01 15:20:00,1046,5040,electronics,0,0
922,2607,2021-01-01 15:21:00,1075,5038,dining,0,0
923,1130,2021-01-01 15:22:00,1036,5085,travel,0,0
924,3078,2021-01-01 15:23:00,1048,5048,dining,0,0
925,960,2021-01-01 15:24:00,1043,5016,dining,0,0
926,2346,2021-01-01 15:25:00,1055,5097,electronics,0,1
927,2253,2021-01-01 15:26:00,1027,5069,apparel,0,0
928,2655,2021-01-01 15:27:00,1078,5069,travel,0,0
929,1867,2021-01-01 15:28:00,1005,5097,electronics,0,0
930,4622,2021-01-01 15:29:00,1060,5064,dining,0,0
931,1875,2021-01-01 15:30:00,1019,5073,electronics,0,0
932,2922,2021-01-01 15:31:00,1077,5084,apparel,0,0
933,2863,2021-01-01 15:32:00,1001,5004,travel,0,0
934,4920,2021-01-01 15:33:00,1072,5001,apparel,0,0
935,3238,2021-01-01 15:34:00,1036,5021,groceries,0,0
936,3729,2021-01-01 15:35:00,1019,5056,travel,0,0
937,3238,2021-01-01 15:36:00,1025,5065,apparel,0,0
938,2381,2021-01-01 15:37:00,1028,5073,dining,0,0
939,2901,2021-01-01 15:38:00,1000,5097,travel,0,0
940,3766,2021-01-01 15:39:00,1034,5015,travel,0,0
941,4235,2021-01-01 15:40:00,1069,5050,electronics,0,0
942,104,2021-01-01 15:41:00,1058,5038,dining,0,0
943,2684,2021-01-01 15:42:00,1068,5085,groceries,0,0
944,1965,2021-01-01 15:43:00,1032,5075,apparel,0,0
945,803,2021-01-01 15:44:00,1050,5087,electronics,1,0
946,1844,2021-01-01 15:45:00,1077,5039,apparel,0,0
947,2126,2021-01-01 15:46:00,1011,5037,groceries,0,0
948,4116,2021-01-01 15:47:00,1019,5059,groceries,0,0
949,3335,2021-01-01 15:48:00,1052,5058,travel,0,0
950,2929,2021-01-01 15:49:00,1087,5009,groceries,0,0
951,2607,2021-01-01 15:50:00,1042,5098,apparel,0,1
952,3215,2021-01-01 15:51:00,1097,5063,dining,0,0
953,4817,2021-01-01 15:52:00,1088,5062,dining,0,0
954,824,2021-01-01 15:53:00,1049,5048,travel,0,0
955,355,2021-01-01 15:54:00,1028,5063,apparel,0,1
956,2359,2021-01-01 15:55:00,1056,5031,apparel,0,0
957,372,2021-01-01 15:56:00,1038,5006,groceries,0,0
958,2453,2021-01-01 15:57:00,1094,5020,apparel,0,0
959,2275,2021-01-01 15:58:00,1055,5019,electronics,0,0
960,2198,2021-01-01 15:59:00,1042,5025,groceries,1,0
961,3015,2021-01-01 16:00:00,1049,5067,electronics,0,0
962,3291,2021-01-01 16:01:00,1022,5085,travel,0,0
963,994,2021-01-01 16:02:00,1043,5014,dining,0,0
964,1649,2021-01-01 16:03:00,1037,5084,travel,0,0
965,837,2021-01-01 16:04:00,1083,5078,dining,0,0
966,2740,2021-01-01 16:05:00,1022,5085,travel,0,0
967,3541,2021-01-01 16:06:00,1044,5091,apparel,0,0
968,4461,2021-01-01 16:07:00,1051,5013,electronics,0,0
969,2945,2021-01-01 16:08:00,1079,5026,dining,0,0
970,3886,2021-01-01 16:09:00,1049,5039,groceries,0,0
971,136,2021-01-01 16:10:00,1007,5057,electronics,0,1
972,3187,2021-01-01 16:11:00,1084,5027,groceries,0,0
973,3066,2021-01-01 16:12:00,1000,5025,electronics,0,0
974,613,2021-01-01 16:13:00,1007,5062,electronics,1,1
975,3459,2021-01-01 16:14:00,1028,5065,travel,0,0
976,4156,2021-01-01 16:15:00,1095,5024,dining,0,0
977,3543,2021-01-01 16:16:00,1004,5002,dining,0,0
978,3377,2021-01-01 16:17:00,1085,5071,electronics,0,0
979,3378,2021-01-01 16:18:00,1046,5043,apparel,0,0
980,3807,2021-01-01 16:19:00,1033,5096,apparel,1,0
981,1802,2021-01-01 16:20:00,1064,5041,groceries,0,0
982,2871,2021-01-01 16:21:00,1054,5098,groceries,0,0
983,3486,2021-01-01 16:22:00,1089,5005,travel,0,0
984,3427,2021-01-01 16:23:00,1042,5038,electronics,0,0
985,1655,2021-01-01 16:24:00,1073,5051,groceries,0,0
986,1215,2021-01-01 16:25:00,1029,5022,groceries,0,0
987,3040,2021-01-01 16:26:00,1081,5088,electronics,0,0
988,2882,2021-01-01 16:27:00,1016,5049,travel,0,0
989,3082,2021-01-01 16:28:00,1025,5042,groceries,0,0
990,1864,2021-01-01 16:29:00,1007,5018,travel,0,0
991,4031,2021-01-01 16:30:00,1046,5068,dining,1,0
992,4672,2021-01-01 16:31:00,1075,5050,travel,0,0
993,2718,2021-01-01 16:32:00,1090,5010,apparel,0,0
994,3512,2021-01-01 16:33:00,1071,5011,apparel,0,0
995,1342,2021-01-01 16:34:00,1088,5073,travel,0,0
996,211,2021-01-01 16:35:00,1045,5007,apparel,1,0
997,3517,2021-01-01 16:36:00,1067,5023,dining,0,0
998,4222,2021-01-01 16:37:00,1032,5091,electronics,0,0
999,584,2021-01-01 16:38:00,1000,5040,apparel,0,0
1000,546,2021-01-01 16:39:00,1018,5035,apparel,0,0
